name,title,videoid
Ruudberg,The Making-of Achtersloot 170A,4000001
Borja Arbosa,GP de China SRC V4 (2ª Parte),4000003
AIDAMEK,Untitled,4000006
Philipp Geist | Videogeist,TIME LINES Installation by Philipp Geist Palazzo delle Esposizioni (Rome) 07 Sept 2007,4000005
Dominik Kuhn,Dominik Kuhn a.k.a. dodokay - director's showreel demoreel HD,4000007
clubvisuals.net,live visuals -audioreactive3 009,4000008
magnushammarwall,Untitled,4000011
Kasun Vidanapathirana,Nokia XpressMusic Unpacking,4000014
murlimohan,shirsh oct08-3,4000013
ShowVideo365,2008 愛河布袋戲展演祭-布袋戲COS秀(8)-11/15,4000010
JTW Bouldering,bleau week 2006,4000009
andy leslie,Boyd Lake Summer of 2008,4000017
AIDAMEK,Untitled,4000020
El Maestro,DRTCC2 - Donington,4000024
sean,canon(卡農),4000019
IglesiadeBridgeport,La Matutina 4 4 09,4000030
Gary Hill,"Eagles of Death Metal - I Like to Move in the Night - Mandela Hall, Belfast",4000028
Nana Sam,St part 2 the Silent tears by Nana Sam,4000031
not found,not found,4000032
Philipp Geist | Videogeist,TIME LINES - Installation by Philipp Geist Palazzo delle Esposizioni (Rome) 07 Sept 2007,4000033
TGPL ,Interview Tollens,4000037
jugmug,Setting the stage for a great Performance,4000038
Truls Lorentzen,Svartlamon Hardkor 5 år,4000040
not found,not found,4000043
Philipp Geist | Videogeist,TIME LINES - Installation by Philipp Geist Palazzo delle Esposizioni (Rome) 08 Sept 2007,4000045
not found,not found,4000042
Jason Beatty,Horsie!,4000049
MagicS7,HFR NGT Estoril Saison 2006,4000048
Jaime,Since 1979,4000050
oguz buyukberber,OUKF Live @ Dogzstar Excerpt 1,4000052
LOSSER Bruno,"Aimy dit ""Pa-pa""",4000056
Findcamille,Untitled,4000054
DCC Film,Procter & Gamble Kizlararsinda.com,4000057
For all fireworks friends,Fallas 2009 castillo by Pirotecnia Ricasa,4000060
Daawid92,"""Birthday Party kurwa urodziny""",4000067
LOSSER Bruno,La première bougie d'Aimy,4000070
Boca Ceravolo,"PSST!3 - ""Desserter Nocturne Wacko Gonzo""",4000071
not found,not found,4000078
not found,not found,4000080
julet Cel,C'est beau un pere qui joue avec sa fille,4000085
Brandman Entertainment,The Comedy Den - Show 7,4000092
The Mission Church,Forgive Us Our Trespasses,4000089
Johannes,Maggan + Kanon = Sant,4000090
Andrew Spearman Blake,Laurens 1st Biathlon 4-4-09,4000096
dani oxygene,OSAKA AQUARIUM - KAIYUKAN,4000099
Findcamille,Untitled,4000100
ntsh,Telegraphs - We Dance In Slow Motion,4000101
not found,not found,4000105
Jean-Michel GUEUGNOT,Copacabana contre les ARCS !!!,4000106
Joao Baptista,Continuam as buscas no rio Tejo do 2º comandante da PSP de Santarém,4000107
Douglas Stewart,Swallow-tailed Kite & Osprey,4000110
Caroline Gasnier,Aïbo : Promotional Animation,4000115
Charles REY,Bloc E version3 Vimeo2,4000116
Johannes,Linraket,4000117
not found,not found,4000119
veioza arte,Revival of the Fittest,4000120
LiveMusicShowcase,MARTIN SIMPSON ~ 'Little Musgrave' ~ LIVE,4000123
Johannes,Yona + Kanon = Sant,4000126
Johannes,Supernaut + Kanon = Sant,4000129
J C Roberts,Teen Boat Dreamboat,4000131
Les Davis,1st pass animaiton of sliding lens,4000134
Sbillou,Fpv Holding hands with JOS,4000136
Matt Beckwith,Ollie Attempt #4,4000140
Floof Smith,"""Mona Lisa (When the World Comes Down)"" by the All-American Rejects",4000141
j.c.karich,Interactive Sound Object (Soundsitive Test 2),4000144
Matthew Davie,Bike Blessing #1,4000145
Mariam Muhamad,Zaini (Taboo Ikut Suka Hati),4000146
Matt Beckwith,Pop Shuvit Attempt #2,4000148
Ovelhas Senhor,Video Gravacao:Grupo Ovelhas do Senhor-28-03-2009,4000151
Peru Bergaretxe,"""Requiem for a time""",4000153
Fadi,05 - 03.04.2009 M. Yazıcıoğlu,4000154
Matt Beckwith,Pop Shuvit Attempt #3,4000158
not found,not found,4000160
Petean Vídeo Produções,Festivais 60'S: A ERA DE OURO,4000164
Lab81,KALEIDO LOVE,4000163
Sean Sullivan,Kelly & Sean Rehearsal Dinner Slideshow Draft 01,4000168
Findcamille,Untitled,4000169
Kantu T.,"Tim&Puma Mimi, ""Aquarium"" Queen Kong Club, 04.04.09",4000172
not found,not found,4000174
Trampoline Melbourne,Introduction from Col,4000176
not found,not found,4000178
Ben Jones,Hidden City,4000177
mansonx,Placebo-Running up that hill,4000179
bartvz,"Castellon, mascleta Valenciana",4000184
not found,not found,4000186
tony brache,TRAGICO SUSESO DE MOCA.,4000187
not found,not found,4000189
not found,not found,4000190
rita,Untitled,4000195
not found,not found,4000197
j.c.karich,Interactive Sound Object (Sounsitive Test 1),4000199
Kate O'Neill,Jefferson Medical College The Great Raft Debate-Glenn Whitman's speech '08,4000201
atrain,friday nite lame 1,4000202
user,Xela,4000204
bill baykan,Melissa at park,4000203
Matthew Davie,Bike Blessing #2,4000207
WuYang,gap,4000210
not found,not found,4000212
bro7393,碧潭有約_新店水岸文化節,4000213
not found,not found,4000219
Polarbear,Polarbear's board congratulates the DEBB and Dominique,4000223
j.c.karich,Interactive Sound Object (Soundsitive Test 3),4000225
Danny Schuster,"2nd Battalion, 9th Marines, 2006 Reunion",4000227
Niccolo Tempini,Taekwondo Aliens - Cologno Monzese,4000226
volley-bk,Trying to Get Cord.,4000228
Anne-Laure Bouazza,Carrefour de Shibuya,4000229
Fadi,07 - 03.04.2009,4000231
Todd Markus,Garrett Walking (Apr 2009),4000242
Bastyen,CocoVendée,4000254
Bekonscot Model Village,Mid 1930s Bekonscot Model Village & Garden Railway,4000256
Rocco Helmchen,Digital Notes (2002),4000257
atrain,fnl 2,4000258
not found,not found,4000261
Jah,Le Conseil des Parjures,4000263
not found,not found,4000266
:DSK,try to trixx4,4000273
Dirk Helmling,Africa Sunday,4000274
mtb2104,My First Time,4000277
Peter Lubosky,PRIMER AMOR,4000282
brooke jared,Rolling Over,4000284
josejaimemas,Usando GMAIL 1ª parte,4000283
not found,not found,4000288
Kelly Miller,San Diego,4000292
not found,not found,4000295
not found,not found,4000296
not found,not found,4000297
LiveMusicShowcase,ALEX ROBERTS ~ 'The Beachy Head Chimes' ~ LIVE,4000300
not found,not found,4000304
matthorak,Seth Bernard - Final Ramp Farm Edit,4000305
not found,not found,4000294
Dave Harvey,Max - After Bath Time,4000301
not found,not found,4000307
Tiago Ferreira Marques,"Lusitânia Expresso · 18-04-2008 · ""Music Makes You Lose Control"" , ""Compramos e Vendemos Sentimentos"" , ""Fondue au Chocolat""",4000309
not found,not found,4000316
Asamblea Queer,Encuesta Heteronormal Gent Gran,4000321
Mariano Lozano-P.,La casa del abuelo.,4000324
sherman39,Baja Spring 2009,4000325
Untitled,Our Living Legend...,4000323
annia torres,Untitled,4000326
hari n,TN Express in the outskirts of Chennai,4000327
not found,not found,4000322
IronWorks,"IronWorks - April 3, 2009",4000333
Lukman,Any Muzzle,4000334
Tom H.,Untitled,4000335
didiinthestars,Untitled,4000338
LonelyBob,Presenting Brightcove video delivery platform at Tokyo 2.0 March,4000340
atrain,fnl 3,4000341
Verdun,Blow Your Mind,4000343
Matthew Davie,Bike Blessing #3,4000344
mansonx,Cover-Running up that hill,4000346
Maarten,Teutoen en Piepim,4000349
Kamel 'melka' Makhloufi,AR Animation Test,4000342
Sam Jacob,Jayalalitha Interview with Karan Thapar,4000350
hänk,Beni Rätcave 2,4000354
not found,not found,4000357
Merantau Films,Merantau Production Blog 10: Rumah Susun,4000358
Ponomaryov Igor,"""Мзымта 2008"" (2008, Михаил Мокринский, клуб ""Новый Бродяга"")",4000361
sphrean,F4C Dysfunktional,4000362
Tianwen,Cherry Blossoms~,4000363
not found,not found,4000364
not found,not found,4000368
not found,not found,4000369
Paul Charbonnet,Tigers Against Trafficking,4000371
not found,not found,4000373
pan,nothing.cnSH,4000374
not found,not found,4000375
Dat Spielkind,2009_04 - Neo - 01,4000377
Dat Spielkind,2009_04 - Max - 01,4000376
Fabian,"Making Of ""Was würde man tun...?""",4000379
not found,not found,4000380
Lo,Luz en el Cine #40,4000382
not found,not found,4000384
theodoros giannakis,THEREISONLYSILENCE,4000386
gruphepsi,Untitled,4000388
not found,not found,4000389
not found,not found,4000390
atrain,fnl 4,4000391
Timmy Straight,Servolution 1st day st.francisville,4000392
Billy Bilang,MAC 2005 - Friday,4000393
Tracer_ds,Rzut Karny (Wisłok Wiśniowa - Dynovia Dynów),4000397
not found,not found,4000400
Rudolf Hillebrand,Bauerndemo gegen Agrardieselbesteuerung,4000401
Bjarke carlsen,Kitesurfing 2009 Coche,4000404
Adam LaFleur,Cameron and Toon,4000408
faderninja,Hands,4000411
tmk,tmk ableton live test,4000410
Masha Troitskaya,Cafe del Mar Demo,4000413
not found,not found,4000412
Matthew Seydel Connors,Silo 3d Maya PS3 Print Composite workflow,4000414
anton schnaider,Afisha10,4000419
Oblivious Artefacts,Oblivious Artefacts VJ set @ Nuovo Montevergini - Palermo,4000417
not found,not found,4000423
Menosde3,Versus Final,4000424
Robot Vs Zombies,Robot Vs Zombies PART 3/3 - The Fight,4000426
not found,not found,4000429
13JM,Principe Pio,4000432
atrain,fnl 4,4000434
Make Ready,...it's good with chips,4000433
manitou,xiangshan XC trail,4000437
Jamie Nodine,Our little musician,4000446
spaceIL,Vilda na nočníku,4000448
not found,not found,4000449
not found,not found,4000451
Tobii,Only two tricks.,4000452
Sheryl Kessler,Jack on a truck,4000459
STWW,"Angela Liew, 10 Million Circle Member",4000456
not found,not found,4000461
Billy Bilang,MAC 2005 - Saturday,4000464
SHEVCHENKOSHOW,promo-video SHEVCHENKOSHOW,4000469
ben Griffiths,FRS vs ST - in car with Martin (skipper),4000472
Sheryl Kessler,Jack and Oscar take 1,4000477
Jose Castro,Tim Ferriss and Chopsticks,4000476
ugurkazdal,The E-Reference Library For Microsoft Press,4000485
not found,not found,4000479
not found,not found,4000481
viktoras,Untitled,4000483
not found,not found,4000482
Alan Scott,The Poker Game,4000487
Daniel González Amat,"Becacina, Lago Deseado, Isla Grande Tierra del Fuego",4000489
Todovision,Semana Santa Málaga. El Rocío,4000491
Philip Lee,1 minute closet cleanup,4000492
héctor moro,Homage to K.C.,4000493
Stephen Gibson,One-handed flaka,4000496
viktoras,Untitled,4000502
not found,not found,4000503
Tamarahco Hen Productions,Sports Ads,4000506
Ruth Arnold,Catherine in the Garden,4000507
not found,not found,4000509
Carmelo,MID SFR / AIGO P8860 : Déballage / Unboxing,4000510
not found,not found,4000515
not found,not found,4000517
Slawek Packo,PDAE Puppies,4000520
not found,not found,4000508
Sheryl Kessler,Jack and Oscar take 2,4000522
not found,not found,4000524
John Faust,Let's Get This Party Started,4000527
Billy Bilang,MAC 2005 - Battle,4000526
rocco didonato,misty roooo,4000534
bartvz,Crema 2009 - Ricasa,4000536
Lake Owen Camp,Wednesday,4000537
FilmCast Productions,Dining Table,4000538
Demeter Ágoston,GS Last,4000539
hommer91,For Pauline,4000542
Seca2.tv,UA FLASH - SEMANA 6 DE ABRIL 2009,4000546
not found,not found,4000545
enrico ceserani,Regolazione e Cambio Tractor Velocity,4000548
PAT2A,essai triple ecran,4000549
wts007,C - Walk,4000550
tylntytk,Psişik,4000551
Tuomas Kankola,Topkani 2008,4000553
Skinny White Boy,"My trip to the zoo, Memphis style!",4000555
LFUTeam,LFU End of Line Trailer,4000557
mansonx,大悲咒唱颂(尼泊尔 英卓玛),4000554
Metamorfoza,Opening Tune Blackberry Night,4000560
Sheryl Kessler,Spring training,4000558
not found,not found,4000559
mat x,k-oke: duet,4000565
NaT,Bilocation,4000570
Sebastian M.,"Me with Rodger Montgomery at Docksider, Erie, PA (3 of 3)",4000571
Billy Bilang,Zumbi 2005 - Overall,4000572
Jbeard,GoodBye Love,4000573
not found,not found,4000581
Chris M,SUCK AND BLOW,4000583
DOCUMENTAVI,Dr. Fred Cummins: Our World of Experience,4000585
Singapore Community Cats,Did Garpy suffer a minor stroke?,4000595
Hans-Jürgen Kellers,Galactic Convergence 2012,4000600
not found,not found,4000601
not found,not found,4000605
not found,not found,4000608
Jason Ilagan,2008 MTV Australia Awards: Red Carpet,4000613
Philipp,Spatzen mögen Metric,4000615
not found,not found,4000618
Dylan,Packing Strap,4000623
Yaroslavna,Алексей и Ольга,4000625
F1Fanatic,Untitled,4000626
Dd Dd,синхронко,4000627
Billy Bilang,Zumbi 2005 - Capoeira,4000629
spaceIL,Vilda na hawaii,4000628
LiveMusicShowcase,MARINA FLORANCE BAND ~ 'Nothing Could Have Prepared Me For You' ~ LIVE,4000630
Phu Huynh,USI Video,4000632
AB racing,Spa/Francorchamps BMW e34 525i 24v 30 Maart 2009,4000634
MysoulFR,"Tigane, Le Temps D'Une Chanson (live au Reservoir)",4000636
not found,not found,4000642
not found,not found,4000644
Matt Haase,Who is the HOOSIER H.I.T. SQUAD?,4000646
Connie Eberhart,CEN - Leila Davis,4000648
not found,not found,4000656
Neverending Light Productions,Embarrassed,4000653
frank insley,David Martin driving at the Nasa Mid Atlantic Spring Sprints,4000657
An Wauters,Tijdrit De Panne 2/04/09,4000661
Nicolas Sarkozy,bmx cam test,4000665
not found,not found,4000664
not found,not found,4000667
Billy Bilang,Zumbi 2005 - XKT,4000671
Andre ferguson,I see,4000672
not found,not found,4000673
Cut&Paste,Kevin Megens - C&P Amsterdam 2009 Motion/Animation Competitor,4000675
Cut&Paste,Luda Shur - C&P Amsterdam 2009 Motion/Animation Competitor,4000677
TV Geluwe,[20090403] Portret Jan Vandamme,4000679
robert shaw,Robert's midterm,4000682
Gregory Roekens,Gregory Roekens Interview on Social Networking,4000688
not found,not found,4000687
Bous Bufats de Mallorca,Bunyolí,4000693
brunobld,Matrix Edition - Special Effects,4000692
Chip Harlan,More Fun at the Jumping Bean,4000684
thomas james slater,HD Video Test,4000696
George Fisher,ross whipping every1s bikes,4000698
not found,not found,4000699
not found,not found,4000700
Nick Brewer,Me as the Scarecrow...,4000701
Nick Looijmans,Murder of The Crows in Berlin,4000702
John Faust,Let's Get This Party Started,4000706
M Staudt,ThermaPerl Sprudelbad,4000707
Emilia Romagna,Questo Era Enzo Ferrari,4000713
Peter Frank,Peter Frank hanggliding in Denmark 1986-88,4000718
Chrislie,Untitled,4000723
Opendoor Church,Penny For Your Thoughts - Money Talks Part 5,4000726
Nick Chaffey,Leaving,4000725
not found,not found,4000729
2frenchinbeijing,Olympic Stadium Bird's Nest,4000732
not found,not found,4000733
not found,not found,4000734
Cincinnati Local Music Scene vid,take no prisoners live at 180 skate 10/27/07,4000735
Madz Kun,Ski at Hunter Mountain Shiobara - English,4000736
Rafa Gushi,Columbia University - Inside (NYC),4000739
Congreso Ensancha,"Spot Ensancha 2009 ""En honor al Espíritu Santo""",4000742
Camel Grana,TV SPOT FOR AFRICA´S CHARITY.,4000745
unc,Quite - Exorcismix,4000747
beth anderson,girls just wanna have fun,4000748
CWS,Riding compilation,4000746
viktoras,Untitled,4000750
Rebecca Fong,The Life and Times of Eli Collins,4000749
Viacheslav Khovanov,Praha pro tři 5,4000751
StuntB skateboards,28.mar.09 Cult Fellaz,4000752
Bekonscot Model Village,1949 Bekonscot Model Railway (colour),4000755
not found,not found,4000743
RaceDay Rush,RaceDayRush.com 2 minute drill,4000757
Jason Trump,Domestic Mom,4000759
mostro,Ride au soleil,4000761
not found,not found,4000762
Digital Spice,Big kids fun...,4000763
Scatola Sonora musicisti associa,MARINA BRUNO Portfolio,4000767
mateoone,2009-04-04 Trocadero III,4000766
thiago segreto,morning exercise with pistols.,4000771
not found,not found,4000776
shisoneko,Spooning Yogurt,4000778
not found,not found,4000779
not found,not found,4000781
not found,not found,4000783
not found,not found,4000782
not found,not found,4000786
andrea,early april 09,4000788
Nana Sam,ST part 3 the Silent Tears by Nana Sam,4000787
NaT,Game Over,4000789
Sheldon Finlay,Late Night Giggles,4000790
Zygmunt Januszewski,ANIMALITER Talking animals STRASBOURG,4000791
viktoras,Untitled,4000795
virusoid,Введение в maya. Игральный кубик.,4000796
Maarten,Eerste warme dag van 2009,4000797
frank insley,David Martin driving in the NASA spring sprints DAY 2,4000799
not found,not found,4000803
Andria Schwortz,Graphing in Excel 2004 (Macs),4000805
not found,not found,4000807
Andrew Nicholas (frarl.com),07 - Souljacker - Man On The Make,4000808
MagicS7,HFR NGT Imola Saison 2006,4000809
christopher bolduc,christopher bolduc,4000811
not found,not found,4000813
Pose coach Nederland Jacky L.,"Running technique analyses, before and after training",4000815
Fadi,03 - 03.04.2009 - Yazık Olur Ömrüme,4000818
ZOTAC,ZOTAC GeForce GTX 275,4000819
not found,not found,4000820
not found,not found,4000823
ApisSOS,They Are Coming Back,4000825
nehuse,vizör makine,4000826
not found,not found,4000828
Jason Eikner,"The Cannabinoids @ SXSW 2009 - Auditorium Shores, Austin, TX",4000831
dobosmoniq,Impro,4000827
Marge Sweigart,Baby Zebs At Two Weeks Old,4000834
webservant,Israel 08' Part 9,4000832
tbafhao,Reflections from Dachau,4000837
Tim Frakes,LLC Tom McGrath,4000839
Anson Belvin,LOW SLOW FLYING IN FALL COLORS,4000842
Maria Figueroa,Connie on a beach in Acapulco,4000848
Dan Marek,Sketchy Saturday: Robot Unicycle,4000851
Martin Martin Schlesinger,Riorama,4000853
not found,not found,4000855
Andria Schwortz,Graphing in Excel 2007 (Windows),4000857
Airxpress,NK minitrampoline voor scholen - Da Vinci College,4000859
lonely52243,[NO27.]功夫胖打26-30樓,4000860
boredandblogging,The Big Interview - 04 March 09,4000858
not found,not found,4000862
mat x,k-oke: rimes,4000867
Jacobo Rios,El Corazón de mi Abuelo (Créditos finales),4000865
Andria Schwortz,2004-04-03 Banked Curves,4000868
Joel Hathaway,Dinner Tonight!,4000869
Crescendi Artists - Channel,A. Dvorak - Symphny No. 9 Mov. IV,4000874
Billy Bilang,LCG 2005 - Saturday,4000876
Oregon Kayaking,The Windsor Files - Volume I,4000871
not found,not found,4000877
Sam Sweet,Lil' Wayne vs RHCP,4000880
The Godfather,NFSU2 Underground MM2BR,4000882
André Henrique,In My Life (Nordic Lounge Style),4000883
Michael Ladin,House Intro V2,4000886
Star School,Star School Project 2,4000891
not found,not found,4000893
not found,not found,4000895
Martin Wickens,03 The Charismatic Movement,4000897
Ryo Wantanabí,CDI new logo,4000899
not found,not found,4000900
AR,Arcangel - Enamorado De ti,4000902
Mark Penner,366 Marshall Bay,4000907
gupon,Bonsajo Motion Reel 2009,4000912
not found,not found,4000914
Bill Roberts,2008 Thinklings Christmas Mootumentary - Chapter 4: Zombies!,4000916
not found,not found,4000918
Clarina Bezzola,Judgement Day,4000923
Dantheman,Merida 1 - Daytime Carnival Parade,4000926
Tcho Antidote,"Le Bavar & B.James ""Tu nous gaves"" Clip / HD Version",4000927
Patrick O'Brien,**KFK REMIX**,4000932
not found,not found,4000931
Tozi,Tozi - New Shit,4000935
keylargofoley,Breakfast Berries,4000937
nightspace,Джельсомино café – Иванушки International,4000940
Luke Phillips,Not a steadycam...,4000939
not found,not found,4000945
clubvisuals.net,live visuals audioreactive 03 09,4000953
Bekah Phelps,Happy Birthday Peggy!,4000949
Tamarahco Hen Productions,Kanji,4000956
not found,not found,4000962
LogicalDuck,Tony And Christine Go For A Walk,4000964
Thomas Balthazar,#6 Understanding notifications,4000965
Val reV,Les fatals picards,4000967
not found,not found,4000972
J&G,Otis and Johnny Boots open for Tab Benoit,4000969
Larry Duran,Dia  nacional de oracion,4000978
Lilian,Untitled,4000980
Sam Sweet,Kanye vs Falco,4000984
augusto gomez fuentes,Sietedeseis,4000983
Jinjok,Snorkeling Koh Hin Ngam,4000982
Heintje...GELOOPTGEFLIPT!,Untitled,4000988
SFINA,SFINA: 7.Recogn.eyes,4000990
sledriderphil,INTRO,4000989
Jean-Marc Joseph,Le coup de pompe,4000998
